<?xml version="1.0" encoding="UTF-8" ?>
<document>
<!--The data in this file is primarily intended for consumption by Xilinx tools.
The structure and the elements are likely to change over the next few releases.
This means code written to parse this file will need to be revisited each subsequent release.-->
<application name="pa" timeStamp="Tue Dec 20 12:36:06 2022">
<section name="Project Information" visible="false">
<property name="ProjectID" value="801c05aafba84b2d9e95fbf0b73b4de4" type="ProjectID"/>
<property name="ProjectIteration" value="1" type="ProjectIteration"/>
</section>
<section name="PlanAhead Usage" visible="true">
<item name="Project Data">
<property name="SrcSetCount" value="1" type="SrcSetCount"/>
<property name="ConstraintSetCount" value="1" type="ConstraintSetCount"/>
<property name="DesignMode" value="RTL" type="DesignMode"/>
<property name="SynthesisStrategy" value="Vivado Synthesis Defaults" type="SynthesisStrategy"/>
<property name="ImplStrategy" value="Vivado Implementation Defaults" type="ImplStrategy"/>
</item>
<item name="Java Command Handlers">
<property name="AddSources" value="1" type="JavaHandler"/>
<property name="NewProject" value="2" type="JavaHandler"/>
<property name="ProjectSettingsCmdHandler" value="1" type="JavaHandler"/>
<property name="SimulationClose" value="10" type="JavaHandler"/>
<property name="SimulationRun" value="12" type="JavaHandler"/>
</item>
<item name="Gui Resources Info">
<property name="ALU.v, 109, 75" value="1" type="GuiResourceData"/>
<property name="ALU.v, 210, 233" value="1" type="GuiResourceData"/>
<property name="ALU.v, 224, 215" value="1" type="GuiResourceData"/>
<property name="ALU.v, 28, 219" value="1" type="GuiResourceData"/>
<property name="ALU.v, 29, 186" value="1" type="GuiResourceData"/>
<property name="ALU.v, 30, 180" value="1" type="GuiResourceData"/>
<property name="ALU.v, 35, 352" value="1" type="GuiResourceData"/>
<property name="ALU.v, 45, 179" value="1" type="GuiResourceData"/>
<property name="ALU.v, 5, 197" value="1" type="GuiResourceData"/>
<property name="ALU.v, 5, 197, false, false, false, false, true" value="1" type="GuiResourceData"/>
<property name="ALU.v, 54, 235" value="1" type="GuiResourceData"/>
<property name="ALU.v, 6, 48" value="1" type="GuiResourceData"/>
<property name="ALU.v, 68, 382" value="1" type="GuiResourceData"/>
<property name="ALU.v, 7, 166" value="1" type="GuiResourceData"/>
<property name="ALU.v, 77, 244, false, false, false, true, false" value="1" type="GuiResourceData"/>
<property name="ALU.v, 90, 206" value="1" type="GuiResourceData"/>
<property name="ALU.v, 96, 159" value="1" type="GuiResourceData"/>
<property name="ALU.v, 97, 313" value="1" type="GuiResourceData"/>
<property name="Counter.v, 102, 283" value="1" type="GuiResourceData"/>
<property name="Counter.v, 103, 406" value="1" type="GuiResourceData"/>
<property name="Counter.v, 104, 403" value="1" type="GuiResourceData"/>
<property name="Counter.v, 107, 386" value="1" type="GuiResourceData"/>
<property name="Counter.v, 114, 327" value="1" type="GuiResourceData"/>
<property name="Counter.v, 116, 336" value="1" type="GuiResourceData"/>
<property name="Counter.v, 117, 214" value="1" type="GuiResourceData"/>
<property name="Counter.v, 117, 263" value="1" type="GuiResourceData"/>
<property name="Counter.v, 118, 283" value="2" type="GuiResourceData"/>
<property name="Counter.v, 118, 283, false, false, false, false, true" value="1" type="GuiResourceData"/>
<property name="Counter.v, 122, 355" value="1" type="GuiResourceData"/>
<property name="Counter.v, 122, 355, false, false, false, false, true" value="1" type="GuiResourceData"/>
<property name="Counter.v, 124, 284" value="1" type="GuiResourceData"/>
<property name="Counter.v, 13, 281" value="1" type="GuiResourceData"/>
<property name="Counter.v, 142, 196" value="1" type="GuiResourceData"/>
<property name="Counter.v, 142, 196, false, false, false, false, true" value="1" type="GuiResourceData"/>
<property name="Counter.v, 144, 180" value="1" type="GuiResourceData"/>
<property name="Counter.v, 149, 179" value="1" type="GuiResourceData"/>
<property name="Counter.v, 15, 283" value="1" type="GuiResourceData"/>
<property name="Counter.v, 151, 98" value="1" type="GuiResourceData"/>
<property name="Counter.v, 160, 69" value="1" type="GuiResourceData"/>
<property name="Counter.v, 182, 336" value="1" type="GuiResourceData"/>
<property name="Counter.v, 2, 113" value="1" type="GuiResourceData"/>
<property name="Counter.v, 2, 175" value="1" type="GuiResourceData"/>
<property name="Counter.v, 2, 293" value="1" type="GuiResourceData"/>
<property name="Counter.v, 2, 293, false, false, false, false, true" value="1" type="GuiResourceData"/>
<property name="Counter.v, 21, 175" value="1" type="GuiResourceData"/>
<property name="Counter.v, 214, 42" value="1" type="GuiResourceData"/>
<property name="Counter.v, 217, 43" value="1" type="GuiResourceData"/>
<property name="Counter.v, 22, 366" value="1" type="GuiResourceData"/>
<property name="Counter.v, 22, 366, false, false, false, false, true" value="1" type="GuiResourceData"/>
<property name="Counter.v, 227, 351" value="2" type="GuiResourceData"/>
<property name="Counter.v, 23, 400" value="1" type="GuiResourceData"/>
<property name="Counter.v, 230, 347" value="1" type="GuiResourceData"/>
<property name="Counter.v, 238, 347" value="1" type="GuiResourceData"/>
<property name="Counter.v, 264, 199" value="1" type="GuiResourceData"/>
<property name="Counter.v, 264, 199, false, false, false, false, true" value="1" type="GuiResourceData"/>
<property name="Counter.v, 267, 336" value="1" type="GuiResourceData"/>
<property name="Counter.v, 278, 384" value="1" type="GuiResourceData"/>
<property name="Counter.v, 279, 332" value="1" type="GuiResourceData"/>
<property name="Counter.v, 28, 176" value="1" type="GuiResourceData"/>
<property name="Counter.v, 28, 176, false, false, false, false, true" value="1" type="GuiResourceData"/>
<property name="Counter.v, 286, 391" value="1" type="GuiResourceData"/>
<property name="Counter.v, 30, 267" value="1" type="GuiResourceData"/>
<property name="Counter.v, 30, 420" value="1" type="GuiResourceData"/>
<property name="Counter.v, 308, 39" value="1" type="GuiResourceData"/>
<property name="Counter.v, 314, 46" value="1" type="GuiResourceData"/>
<property name="Counter.v, 314, 46, false, false, false, false, true" value="1" type="GuiResourceData"/>
<property name="Counter.v, 321, 43" value="1" type="GuiResourceData"/>
<property name="Counter.v, 321, 43, false, false, false, false, true" value="1" type="GuiResourceData"/>
<property name="Counter.v, 33, 131" value="1" type="GuiResourceData"/>
<property name="Counter.v, 33, 198" value="1" type="GuiResourceData"/>
<property name="Counter.v, 331, 265" value="1" type="GuiResourceData"/>
<property name="Counter.v, 334, 335" value="1" type="GuiResourceData"/>
<property name="Counter.v, 354, 339" value="1" type="GuiResourceData"/>
<property name="Counter.v, 38, 128" value="1" type="GuiResourceData"/>
<property name="Counter.v, 39, 263" value="1" type="GuiResourceData"/>
<property name="Counter.v, 43, 114" value="1" type="GuiResourceData"/>
<property name="Counter.v, 43, 197" value="1" type="GuiResourceData"/>
<property name="Counter.v, 43, 197, false, false, false, false, true" value="1" type="GuiResourceData"/>
<property name="Counter.v, 43, 247" value="1" type="GuiResourceData"/>
<property name="Counter.v, 46, 91" value="1" type="GuiResourceData"/>
<property name="Counter.v, 46, 91, false, false, false, false, true" value="1" type="GuiResourceData"/>
<property name="Counter.v, 48, 292" value="1" type="GuiResourceData"/>
<property name="Counter.v, 487, 43" value="1" type="GuiResourceData"/>
<property name="Counter.v, 49, 146" value="1" type="GuiResourceData"/>
<property name="Counter.v, 51, 336" value="1" type="GuiResourceData"/>
<property name="Counter.v, 513, 45" value="1" type="GuiResourceData"/>
<property name="Counter.v, 522, 43" value="1" type="GuiResourceData"/>
<property name="Counter.v, 522, 43, false, false, false, false, true" value="1" type="GuiResourceData"/>
<property name="Counter.v, 531, 40" value="1" type="GuiResourceData"/>
<property name="Counter.v, 531, 40, false, false, false, false, true" value="1" type="GuiResourceData"/>
<property name="Counter.v, 7, 41" value="1" type="GuiResourceData"/>
<property name="Counter.v, 71, 211" value="1" type="GuiResourceData"/>
<property name="Counter.v, 73, 96" value="1" type="GuiResourceData"/>
<property name="Counter.v, 73, 96, false, false, false, false, true" value="1" type="GuiResourceData"/>
<property name="Counter.v, 74, 111" value="1" type="GuiResourceData"/>
<property name="Counter.v, 74, 115, false, false, false, true, false" value="1" type="GuiResourceData"/>
<property name="Counter.v, 76, 111" value="1" type="GuiResourceData"/>
<property name="Counter.v, 77, 354" value="1" type="GuiResourceData"/>
<property name="Counter.v, 78, 301" value="1" type="GuiResourceData"/>
<property name="Counter.v, 82, 180" value="1" type="GuiResourceData"/>
<property name="Counter.v, 82, 180, false, false, false, false, true" value="1" type="GuiResourceData"/>
<property name="Counter.v, 84, 195" value="1" type="GuiResourceData"/>
<property name="Counter.v, 85, 339" value="1" type="GuiResourceData"/>
<property name="Counter.v, 86, 91, false, false, false, true, false" value="1" type="GuiResourceData"/>
<property name="Counter.v, 88, 187" value="1" type="GuiResourceData"/>
<property name="Counter.v, 88, 187, false, false, false, false, true" value="1" type="GuiResourceData"/>
<property name="Counter.v, 88, 407" value="1" type="GuiResourceData"/>
<property name="Counter.v, 89, 269" value="1" type="GuiResourceData"/>
<property name="Counter.v, 89, 338" value="1" type="GuiResourceData"/>
<property name="Counter.v, 90, 181" value="1" type="GuiResourceData"/>
<property name="Counter.v, 90, 214" value="1" type="GuiResourceData"/>
<property name="Counter.v, 94, 318" value="1" type="GuiResourceData"/>
<property name="Counter.v, 94, 318, false, false, false, false, true" value="1" type="GuiResourceData"/>
<property name="FINISH, Finish" value="1" type="GuiResourceData"/>
<property name="General, General" value="1" type="GuiResourceData"/>
<property name="NEXT, Next " value="1" type="GuiResourceData"/>
<property name="OK, OK" value="1" type="GuiResourceData"/>
<property name="PAResourceAtoD.CreateSrcFileDialog_FILE_NAME, Counter" value="1" type="GuiResourceData"/>
<property name="PAResourceCommand.PACommandNames_ADD_SOURCES, Sources_add_sources" value="1" type="GuiResourceData"/>
<property name="PAResourceCommand.PACommandNames_AUTO_UPDATE_HIER, Hierarchy Update" value="2" type="GuiResourceData"/>
<property name="PAResourceCommand.PACommandNames_SIMULATION_RUN_BEHAVIORAL, Run Behavioral Simulation" value="6" type="GuiResourceData"/>
<property name="PAResourceEtoH.FileSetPanel_FILE_SET_PANEL_TREE, [root, Design Sources, ALU (ALU.v" value="2" type="GuiResourceData"/>
<property name="PAResourceEtoH.FileSetPanel_FILE_SET_PANEL_TREE, [root, Design Sources, Counter (Counter.v" value="2" type="GuiResourceData"/>
<property name="PAResourceEtoH.FileSetPanel_FILE_SET_PANEL_TREE, [root, Design Sources, Syntax Error Files, Counter.v], 2, false" value="1" type="GuiResourceData"/>
<property name="PAResourceEtoH.FileSetPanel_FILE_SET_PANEL_TREE, [root, Design Sources, Syntax Error Files, Counter.v], 2, false, false, false, false, false, true" value="1" type="GuiResourceData"/>
<property name="PAResourceEtoH.FileSetPanel_FILE_SET_PANEL_TREE, [root, Design Sources, Syntax Error Files], 1, true" value="1" type="GuiResourceData"/>
<property name="PAResourceEtoH.FileSetPanel_FILE_SET_PANEL_TREE, [root, Design Sources, Syntax Error Files], 1, true, false, false, false, false, true" value="1" type="GuiResourceData"/>
<property name="PAResourceEtoH.FileSetPanel_FILE_SET_PANEL_TREE, [root, Design Sources, tb (ALU.v" value="11" type="GuiResourceData"/>
<property name="PAResourceEtoH.FileSetPanel_FILE_SET_PANEL_TREE, [root, Design Sources, test (Counter.v" value="9" type="GuiResourceData"/>
<property name="PAResourceEtoH.FileSetPanel_FILE_SET_PANEL_TREE, [root, Design Sources], 0, true" value="3" type="GuiResourceData"/>
<property name="PAResourceEtoH.FileSetPanel_FILE_SET_PANEL_TREE, [root, Design Sources], 0, true, false, false, false, false, true" value="2" type="GuiResourceData"/>
<property name="PAResourceEtoH.FileSetPanel_FILE_SET_PANEL_TREE, [root, Design Sources], 0, true, false, false, false, true, false" value="2" type="GuiResourceData"/>
<property name="PAResourceEtoH.FlowNavigatorTreePanel_FLOW_NAVIGATOR_TREE, [, Simulation, Run Simulation], 11, false" value="6" type="GuiResourceData"/>
<property name="PAResourceEtoH.FlowNavigatorTreePanel_FLOW_NAVIGATOR_TREE, [, Synthesis, Synthesis Settings], 16, false" value="1" type="GuiResourceData"/>
<property name="PAResourceEtoH.GettingStartedView_CREATE_NEW_PROJECT, Create New Project" value="1" type="GuiResourceData"/>
<property name="PAResourceEtoH.GettingStartedView_RECENT_PROJECTS, D:/c lenovo/nu 2022/computer arch/project/ALU/ALU.xpr, 0" value="1" type="GuiResourceData"/>
<property name="PAResourceOtoP.PAViews_CODE, Code" value="4" type="GuiResourceData"/>
<property name="PAResourceOtoP.PartChooser_PARTS, xc7a15tcpg236-2L ; 236 ; 25 ; 45 ; 20800 ; 2 ; 2 ; 106 ; 10400 ; 5 ; 1 ; 100 ; 0 ; 100 ; E ; 1.05 ; 0.95 ; 0.95 ; 0 ; 0 ; 0 ; 0 ; 0 ; 0 ; 0 ; 0, 0, xc7a15tcpg236-2L, 0" value="1" type="GuiResourceData"/>
<property name="PAResourceOtoP.PartChooser_PARTS, xc7a15tcpg236-2L ; 236 ; 25 ; 45 ; 20800 ; 2 ; 2 ; 106 ; 10400 ; 5 ; 1 ; 100 ; 0 ; 100 ; E ; 1.05 ; 0.95 ; 0.95 ; 0 ; 0 ; 0 ; 0 ; 0 ; 0 ; 0 ; 0, 0, xc7a15tcpg236-2L, 0, false, false, false, false, true" value="1" type="GuiResourceData"/>
<property name="PAResourceOtoP.ProjectSettingsGeneralPage_CHOOSE_DEVICE_FOR_YOUR_PROJECT, (String" value="1" type="GuiResourceData"/>
<property name="PAResourceQtoS.SimulationScopesPanel_SIMULATION_SCOPES_TREE_TABLE, glbl ; glbl ; Verilog Module, 2, glbl, 0, false" value="1" type="GuiResourceData"/>
<property name="PAResourceQtoS.SimulationScopesPanel_SIMULATION_SCOPES_TREE_TABLE, glbl ; glbl ; Verilog Module, 2, glbl, 0, false, false, false, false, false, true" value="1" type="GuiResourceData"/>
<property name="PAResourceQtoS.SrcChooserPanel_CREATE_FILE, Create File" value="1" type="GuiResourceData"/>
<property name="PAResourceQtoS.SrcMenu_IP_HIERARCHY, IP Hierarchy" value="1" type="GuiResourceData"/>
<property name="RDIResource.BaseDialog_OK, OK" value="3" type="GuiResourceData"/>
<property name="RDIResource.RDIViews_WAVEFORM_VIEWER, 109, 91" value="1" type="GuiResourceData"/>
<property name="RDIResource.RDIViews_WAVEFORM_VIEWER, 119, -5" value="1" type="GuiResourceData"/>
<property name="RDIResource.RDIViews_WAVEFORM_VIEWER, 130, 86" value="1" type="GuiResourceData"/>
<property name="RDIResource.RDIViews_WAVEFORM_VIEWER, 135, 245" value="1" type="GuiResourceData"/>
<property name="RDIResource.RDIViews_WAVEFORM_VIEWER, 136, 82" value="2" type="GuiResourceData"/>
<property name="RDIResource.RDIViews_WAVEFORM_VIEWER, 136, 82, false, false, false, false, true" value="1" type="GuiResourceData"/>
<property name="RDIResource.RDIViews_WAVEFORM_VIEWER, 153, 97" value="1" type="GuiResourceData"/>
<property name="RDIResource.RDIViews_WAVEFORM_VIEWER, 162, 99" value="1" type="GuiResourceData"/>
<property name="RDIResource.RDIViews_WAVEFORM_VIEWER, 235, 89" value="2" type="GuiResourceData"/>
<property name="RDIResource.RDIViews_WAVEFORM_VIEWER, 235, 89, false, false, false, false, true" value="1" type="GuiResourceData"/>
<property name="RDIResource.RDIViews_WAVEFORM_VIEWER, 26, 94" value="1" type="GuiResourceData"/>
<property name="RDIResource.RDIViews_WAVEFORM_VIEWER, 31, 15" value="1" type="GuiResourceData"/>
<property name="RDIResource.RDIViews_WAVEFORM_VIEWER, 37, 98" value="1" type="GuiResourceData"/>
<property name="RDIResource.RDIViews_WAVEFORM_VIEWER, 50, 169" value="1" type="GuiResourceData"/>
<property name="RDIResource.RDIViews_WAVEFORM_VIEWER, 50, 169, false, false, false, false, true" value="1" type="GuiResourceData"/>
<property name="RDIResource.RDIViews_WAVEFORM_VIEWER, 67, 167" value="1" type="GuiResourceData"/>
<property name="RDIResource.RDIViews_WAVEFORM_VIEWER, 67, 167, false, false, false, false, true" value="1" type="GuiResourceData"/>
<property name="RDIResource.RDIViews_WAVEFORM_VIEWER, 69, 88" value="1" type="GuiResourceData"/>
<property name="RDIResource.RDIViews_WAVEFORM_VIEWER, 72, 288" value="1" type="GuiResourceData"/>
<property name="RDIResource.RDIViews_WAVEFORM_VIEWER, 75, 168" value="1" type="GuiResourceData"/>
<property name="RDIResource.RDIViews_WAVEFORM_VIEWER, 87, 65" value="1" type="GuiResourceData"/>
<property name="RDIResource.RDIViews_WAVEFORM_VIEWER, Untitled 1" value="1" type="GuiResourceData"/>
<property name="RDIResource.RDIViews_WAVEFORM_VIEWER, Untitled 2" value="1" type="GuiResourceData"/>
<property name="RDIResource.RDIViews_WAVEFORM_VIEWER, Untitled 3" value="1" type="GuiResourceData"/>
<property name="RDIResource.RDIViews_WAVEFORM_VIEWER, Untitled 4" value="1" type="GuiResourceData"/>
<property name="RDIResource.RDIViews_WAVEFORM_VIEWER, Untitled 5" value="1" type="GuiResourceData"/>
<property name="RDIResource.RDIViews_WAVEFORM_VIEWER, Untitled 6" value="1" type="GuiResourceData"/>
</item>
<item name="Other">
<property name="GuiMode" value="19" type="GuiMode"/>
<property name="BatchMode" value="0" type="BatchMode"/>
<property name="TclMode" value="13" type="TclMode"/>
</item>
</section>
</application>
</document>
